tau_track_fraction,memory_column,baseline_validation_rmse,augmented_validation_rmse,fractional_validation_improvement
0.02,memory_tau_0.02,0.30494802746015376,0.28378628389188165,0.06939459075870631
0.05,memory_tau_0.05,0.30494802746015376,0.2916798515953647,0.043509630068103204
0.1,memory_tau_0.1,0.30494802746015376,0.2956549743066734,0.030474219593680168
0.2,memory_tau_0.2,0.30494802746015376,0.2983589925781057,0.021607074939709193
