tau_track_fraction,memory_column,baseline_validation_rmse,augmented_validation_rmse
0.02,memory_tau_0.02,0.3044121128389233,0.2848002932475391
0.05,memory_tau_0.05,0.3044121128389233,0.2919648307651038
0.1,memory_tau_0.1,0.3044121128389233,0.29571646313301936
0.2,memory_tau_0.2,0.3044121128389233,0.2983040826589294
