tau_track_fraction,memory_column,baseline_validation_rmse,augmented_validation_rmse
0.02,memory_tau_0.02,0.30440333742131276,0.28385513675030516
0.05,memory_tau_0.05,0.30440333742131276,0.2916983479930273
0.1,memory_tau_0.1,0.30440333742131276,0.2955769786450557
0.2,memory_tau_0.2,0.30440333742131276,0.298195991687203
