x_mid,n,var_y
6.499499999999999,139,4.1748437418481315
7.5,255,3.854010480468915
8.5,177,2.760354743263797
