tau_track_fraction,memory_column,baseline_validation_rmse,augmented_validation_rmse
0.005,memory_tau_0.005,0.27218122612470275,0.266230307035142
0.01,memory_tau_0.01,0.27218122612470275,0.2669489341932958
0.02,memory_tau_0.02,0.27218122612470275,0.26819158892306516
0.05,memory_tau_0.05,0.27218122612470275,0.26977107033261677
0.1,memory_tau_0.1,0.27218122612470275,0.27056952450173105
0.2,memory_tau_0.2,0.27218122612470275,0.2710933805041583
