tau_track_fraction,memory_column,baseline_validation_rmse,augmented_validation_rmse,fractional_validation_improvement
0.005,memory_tau_0.005,0.2719685107313611,0.2649286931871892,0.02588467880064803
0.01,memory_tau_0.01,0.2719685107313611,0.2662888534204935,0.020883510725540143
0.02,memory_tau_0.02,0.2719685107313611,0.26784499233562575,0.015161749368140498
0.05,memory_tau_0.05,0.2719685107313611,0.26951337342203413,0.009027285190938995
0.1,memory_tau_0.1,0.2719685107313611,0.270315092365876,0.006079447804596322
0.2,memory_tau_0.2,0.2719685107313611,0.27085179543215565,0.004106046307355312
