tau_track_fraction,memory_column,baseline_validation_rmse,augmented_validation_rmse
0.005,memory_tau_0.005,0.2751662559586408,0.26685170736746056
0.01,memory_tau_0.01,0.2751662559586408,0.2679250343464925
0.02,memory_tau_0.02,0.2751662559586408,0.26964138558817535
0.05,memory_tau_0.05,0.2751662559586408,0.27180748204510224
0.1,memory_tau_0.1,0.2751662559586408,0.2729057021012136
0.2,memory_tau_0.2,0.2751662559586408,0.27362852339534566
