tau_track_fraction,memory_column,baseline_validation_rmse,augmented_validation_rmse,fractional_validation_improvement
0.005,memory_tau_0.005,0.27465760273860956,0.26506545510683305,0.034924020074934246
0.01,memory_tau_0.01,0.27465760273860956,0.26688241070786983,0.028308672154760437
0.02,memory_tau_0.02,0.27465760273860956,0.2689708271736642,0.020704963227824516
0.05,memory_tau_0.05,0.27465760273860956,0.2712473148591412,0.012416506390008433
0.1,memory_tau_0.1,0.27465760273860956,0.27234489957735963,0.008420313649394657
0.2,memory_tau_0.2,0.27465760273860956,0.27307778985619097,0.005751935743508609
