tau_track_fraction,memory_column,baseline_validation_rmse,augmented_validation_rmse,fractional_validation_improvement
0.005,memory_tau_0.005,0.28034430544654343,0.26568891938973965,0.05227638219174847
0.01,memory_tau_0.01,0.28034430544654343,0.26838835592422317,0.04264737784944965
0.02,memory_tau_0.02,0.28034430544654343,0.2714998873639453,0.03154841354280544
0.05,memory_tau_0.05,0.28034430544654343,0.27497122916456457,0.01916599045384715
0.1,memory_tau_0.1,0.28034430544654343,0.27665962117671183,0.013143424703999195
0.2,memory_tau_0.2,0.28034430544654343,0.27779065126088476,0.009108992535415016
