mass_class,n,S_mad,collapsed
6.0_7.0,140,0.0,True
7.0_8.0,257,8.881784197001252e-16,True
8.0_9.0,177,0.5530017348478644,False
